project,merge commit
angryip/ipscan,739af0ebf205738b08723a558c7e1a0603101ca2
dragonwell-project/dragonwell8,f6260c42db1bf227198a02446761443047846487
dragonwell-project/dragonwell8,574aa4baf25074a252305f98b420534febe0e29c
dragonwell-project/dragonwell8,2e06f026d400ce1b35efc4b3e9fa3e703caf91aa
dragonwell-project/dragonwell8,256a906f26dff4520a495f476d7f949fabb8f77d
dragonwell-project/dragonwell8,019ed98e410332965e86b83563c629053fa75e2b
dragonwell-project/dragonwell8,c3a6907f52b14c701d5aeec9641b8315f955ee4a
dragonwell-project/dragonwell8,b9ec3fd4d47d30d441bd5233d0f224e05885e132
dragonwell-project/dragonwell8,780617f8377d4f8dac398575d2d4873c68aefc6d
apache/beam,ef4692cf080c71fc8d841db889e1793a9fc27ec5
apache/beam,394390fd98b02e9685f106c624676fd1533e4201
apache/dubbo,3d0f517a221e08178c6211200554b2d6f2d7d42c
apache/groovy,b39a9e7fc96f02f5532c681278aebac35f7068c2
apache/shardingsphere,d9f89a4dc19fc3ce341bdcabae690ddc1680f965
apache/shardingsphere,66d16fd3a78ad04fe7ba26ae65635ed55e7cc934
apache/shardingsphere,3a0d8c690ed5d5b6c9eed26bac8642ba31d451dd
apache/shardingsphere,8d7245ae279ee244db499b09bf9309e5cf9fa3c5
apache/shardingsphere,55aa41cd82d97ea49db29b8d02848f9c34f467cc
apache/shardingsphere,da909a0e30a618de36219e7ff3f594b48dfa150d
apache/shardingsphere,36aa4cc29723868045c4c31b2ecbbe81e612d2d7
apache/shardingsphere,97ec2708da4650398de692080f999a64cce6e9aa
apache/shardingsphere,f8db8263bebd4843de1dd40f9aa7b349f66b4664
apache/shardingsphere,48b049c834e935efd3c5bb656a8dfc166c6da5d6
alibaba/nacos,9c2058a9f14cfc0e3b0236fd8e58412d59355e62
alibaba/nacos,618469bf065f22a8cf0ea66597a70a0b4143dce9
alibaba/nacos,bcb741d1224c048387e2913cdb6ebc69e1c7e6ac
corretto/corretto-8,3100ce55a89d833dc30198c293d1f4f524a03d66
elastic/elasticsearch,d74fb9eb4559077e2d20b19a9ed62d9ff825027a
elastic/elasticsearch,cbd38983f43ea0a6812ddc40acff2ce355e824b6
elastic/elasticsearch,cf607e79d7b67c1bf87c06ef7f738b31dd832a6e
elastic/elasticsearch,1b3d529bef3cd7048b1cb021b1c280a7c5b7985b
elastic/elasticsearch,a164586796e99f4ee022b362ff4edc5f4a9d79c1
elastic/elasticsearch,64fdb0eeb08e63947a6324468104e8fe621f887c
elastic/elasticsearch,a04a9777d47f9423ccb518092eedad68336f70f8
elastic/elasticsearch,b3088d50a181a15db7597b24325751a555599bd1
elastic/elasticsearch,68ba0d9babc5025e9bd613aef714ce81ff02d514
elastic/elasticsearch,3ab627b72fa44415d26adc1f0a9f011763303fc2
elastic/elasticsearch,f3228e394d90a5f6aa89fd06415da7521b54fa1d
elastic/elasticsearch,0d328b07bdf16c0d2e1aa921bae39d844e8af6a9
elastic/elasticsearch,263bc6bff805ee18f9d86069c4cb73aa988e3ef6
elastic/elasticsearch,87df2b21da4f36699f433e80af859bb170979ec0
elastic/elasticsearch,7294d27e5cddab35c1a130a43a062cd216eb0608
elastic/elasticsearch,63a9ae4e2b17584c98b3a8f4d68d25920899fb4d
gephi/gephi,c376f88ca8f5408962c52def2436f006c1639e54
gephi/gephi,1766aa7636941731123e31f07ffac246788420e7
